"HITId","HITTypeId","Title","Description","Keywords","Reward","CreationTime","MaxAssignments","RequesterAnnotation","AssignmentDurationInSeconds","AutoApprovalDelayInSeconds","Expiration","NumberOfSimilarHITs","LifetimeInSeconds","AssignmentId","WorkerId","AssignmentStatus","AcceptTime","SubmitTime","AutoApprovalTime","ApprovalTime","RejectionTime","RequesterFeedback","WorkTimeInSeconds","LifetimeApprovalRate","Last30DaysApprovalRate","Last7DaysApprovalRate","Answer.consistency","Answer.enjoy","Answer.feedback","Answer.response","Answer.sense","Answer.verify_code","Approve","Reject"
"3HXCEECSQMTOMF192LQ0876G8D5ZY8","3EOS91U1VZBCU86BPZFE65S5WSRYBR","Read a Play Excerpt and Give Feedback","read a 16 line excerpt from a play and give simple feedback","text, play, feedback, theatre, theater, read, reading, subjective, quick","$0.50","Mon Apr 29 10:50:25 PDT 2019","50","BatchId:3624671;OriginalHitTemplateId:920937340;","600","86400","Mon Apr 29 11:35:30 PDT 2019","","","304SM51WA34YVFKDN3NASN7XAKYSB2","A1L3348HFKSWBJ","Submitted","Mon Apr 29 10:52:00 PDT 2019","Mon Apr 29 10:55:15 PDT 2019","Tue Apr 30 10:55:15 PDT 2019","","","","195","100% (1/1)","100% (1/1)","100% (1/1)","4","3","very good","4","4","499fd720777bcbc6a09568e796f21b21"
"3HXCEECSQMTOMF192LQ0876G8D5ZY8","3EOS91U1VZBCU86BPZFE65S5WSRYBR","Read a Play Excerpt and Give Feedback","read a 16 line excerpt from a play and give simple feedback","text, play, feedback, theatre, theater, read, reading, subjective, quick","$0.50","Mon Apr 29 10:50:25 PDT 2019","50","BatchId:3624671;OriginalHitTemplateId:920937340;","600","86400","Mon Apr 29 11:35:30 PDT 2019","","","31QTRG6Q2TDXVVXW5EX05T0N899PYY","A1B3M831SLDNVI","Submitted","Mon Apr 29 11:01:07 PDT 2019","Mon Apr 29 11:03:57 PDT 2019","Tue Apr 30 11:03:57 PDT 2019","","","","170","100% (2/2)","100% (2/2)","100% (2/2)","4","4","its good","5","4","4b4f5922a14cda4697f7dadd023ce8d0"
"3HXCEECSQMTOMF192LQ0876G8D5ZY8","3EOS91U1VZBCU86BPZFE65S5WSRYBR","Read a Play Excerpt and Give Feedback","read a 16 line excerpt from a play and give simple feedback","text, play, feedback, theatre, theater, read, reading, subjective, quick","$0.50","Mon Apr 29 10:50:25 PDT 2019","50","BatchId:3624671;OriginalHitTemplateId:920937340;","600","86400","Mon Apr 29 11:35:30 PDT 2019","","","32UTUBMZ7GWEN71HHYSF3AR49OSVBA","AHHRWU0FRDWKB","Submitted","Mon Apr 29 10:51:50 PDT 2019","Mon Apr 29 10:56:25 PDT 2019","Tue Apr 30 10:56:25 PDT 2019","","","","275","0% (0/0)","0% (0/0)","0% (0/0)","3","5","Very nice and so much well.","5","4","01d79f538586c2b42eb40dbcfdb380e6"
"3HXCEECSQMTOMF192LQ0876G8D5ZY8","3EOS91U1VZBCU86BPZFE65S5WSRYBR","Read a Play Excerpt and Give Feedback","read a 16 line excerpt from a play and give simple feedback","text, play, feedback, theatre, theater, read, reading, subjective, quick","$0.50","Mon Apr 29 10:50:25 PDT 2019","50","BatchId:3624671;OriginalHitTemplateId:920937340;","600","86400","Mon Apr 29 11:35:30 PDT 2019","","","33LK57MYLT5UDDNTTH3DE5E01NKZSF","A1HZXKVQSWNKRA","Submitted","Mon Apr 29 10:50:43 PDT 2019","Mon Apr 29 10:53:15 PDT 2019","Tue Apr 30 10:53:15 PDT 2019","","","","152","100% (1/1)","0% (0/0)","0% (0/0)","4","4","it was little funny story","4","3","a435c0a001dc30810cc5f216ab441ce9"
"3HXCEECSQMTOMF192LQ0876G8D5ZY8","3EOS91U1VZBCU86BPZFE65S5WSRYBR","Read a Play Excerpt and Give Feedback","read a 16 line excerpt from a play and give simple feedback","text, play, feedback, theatre, theater, read, reading, subjective, quick","$0.50","Mon Apr 29 10:50:25 PDT 2019","50","BatchId:3624671;OriginalHitTemplateId:920937340;","600","86400","Mon Apr 29 11:35:30 PDT 2019","","","33PPUNGG385ICYNGES38OV94FL1ZRR","AX5NNST5XDIO5","Submitted","Mon Apr 29 11:00:57 PDT 2019","Mon Apr 29 11:05:02 PDT 2019","Tue Apr 30 11:05:02 PDT 2019","","","","245","100% (2/2)","100% (2/2)","100% (2/2)","4","5","ITS GOOD AND ITS IMPROVE MY SKIILLS","5","5","43193ae7a45730e751b26760ebdcdd76"
"3HXCEECSQMTOMF192LQ0876G8D5ZY8","3EOS91U1VZBCU86BPZFE65S5WSRYBR","Read a Play Excerpt and Give Feedback","read a 16 line excerpt from a play and give simple feedback","text, play, feedback, theatre, theater, read, reading, subjective, quick","$0.50","Mon Apr 29 10:50:25 PDT 2019","50","BatchId:3624671;OriginalHitTemplateId:920937340;","600","86400","Mon Apr 29 11:35:30 PDT 2019","","","34FNN24DCM9T2LFDLZOM7NV6H995YT","AJ33BFVNV3H2H","Submitted","Mon Apr 29 10:54:15 PDT 2019","Mon Apr 29 10:56:44 PDT 2019","Tue Apr 30 10:56:44 PDT 2019","","","","149","100% (1/1)","100% (1/1)","100% (1/1)","4","4","good survey","5","3","d0d80a3083f4582795665d363671a45c"
"3HXCEECSQMTOMF192LQ0876G8D5ZY8","3EOS91U1VZBCU86BPZFE65S5WSRYBR","Read a Play Excerpt and Give Feedback","read a 16 line excerpt from a play and give simple feedback","text, play, feedback, theatre, theater, read, reading, subjective, quick","$0.50","Mon Apr 29 10:50:25 PDT 2019","50","BatchId:3624671;OriginalHitTemplateId:920937340;","600","86400","Mon Apr 29 11:35:30 PDT 2019","","","34HJIJKLP5WU28G82JISVWLYZWI4VK","ABR7PP2SD8P3D","Submitted","Mon Apr 29 11:36:05 PDT 2019","Mon Apr 29 11:40:05 PDT 2019","Tue Apr 30 11:40:05 PDT 2019","","","","240","0% (0/0)","0% (0/0)","0% (0/0)","3","3","nice","3","4","No Code"
"3HXCEECSQMTOMF192LQ0876G8D5ZY8","3EOS91U1VZBCU86BPZFE65S5WSRYBR","Read a Play Excerpt and Give Feedback","read a 16 line excerpt from a play and give simple feedback","text, play, feedback, theatre, theater, read, reading, subjective, quick","$0.50","Mon Apr 29 10:50:25 PDT 2019","50","BatchId:3624671;OriginalHitTemplateId:920937340;","600","86400","Mon Apr 29 11:35:30 PDT 2019","","","35H6S234SA0RJ157FGTUOWBDIZG56T","A3F9N2P4NUUR7S","Submitted","Mon Apr 29 10:50:39 PDT 2019","Mon Apr 29 10:56:06 PDT 2019","Tue Apr 30 10:56:06 PDT 2019","","","","327","0% (0/0)","0% (0/0)","0% (0/0)","3","4","nice try to be more perfect","4","4","3a87efb5429afc56fbefb837281529ca"
"3HXCEECSQMTOMF192LQ0876G8D5ZY8","3EOS91U1VZBCU86BPZFE65S5WSRYBR","Read a Play Excerpt and Give Feedback","read a 16 line excerpt from a play and give simple feedback","text, play, feedback, theatre, theater, read, reading, subjective, quick","$0.50","Mon Apr 29 10:50:25 PDT 2019","50","BatchId:3624671;OriginalHitTemplateId:920937340;","600","86400","Mon Apr 29 11:35:30 PDT 2019","","","36NEMU28XFDNLN5JYXNK3SLCSWYWMA","A2CK0OXMPOR9LE","Submitted","Mon Apr 29 10:50:35 PDT 2019","Mon Apr 29 10:53:52 PDT 2019","Tue Apr 30 10:53:52 PDT 2019","","","","197","0% (0/0)","0% (0/0)","0% (0/0)","3","2","I think there should be some kind of context for the scene.","3","2","0b8f5dc0bd78061acf215b12ffb479de"
"3HXCEECSQMTOMF192LQ0876G8D5ZY8","3EOS91U1VZBCU86BPZFE65S5WSRYBR","Read a Play Excerpt and Give Feedback","read a 16 line excerpt from a play and give simple feedback","text, play, feedback, theatre, theater, read, reading, subjective, quick","$0.50","Mon Apr 29 10:50:25 PDT 2019","50","BatchId:3624671;OriginalHitTemplateId:920937340;","600","86400","Mon Apr 29 11:35:30 PDT 2019","","","3A9AA95ATWMZT7NCUCS3UW2UD465PZ","A233CJTPER322M","Submitted","Mon Apr 29 10:52:32 PDT 2019","Mon Apr 29 11:02:00 PDT 2019","Tue Apr 30 11:02:00 PDT 2019","","","","568","100% (1/1)","100% (1/1)","100% (1/1)","5","4","its good","5","4","f1f5bd31a41234b5cf2254e5640eecd9"
"3HXCEECSQMTOMF192LQ0876G8D5ZY8","3EOS91U1VZBCU86BPZFE65S5WSRYBR","Read a Play Excerpt and Give Feedback","read a 16 line excerpt from a play and give simple feedback","text, play, feedback, theatre, theater, read, reading, subjective, quick","$0.50","Mon Apr 29 10:50:25 PDT 2019","50","BatchId:3624671;OriginalHitTemplateId:920937340;","600","86400","Mon Apr 29 11:35:30 PDT 2019","","","3AUQQEL7U5TD3KY7JIVQJTVLIKVV0O","A2NEFRREWF33YP","Submitted","Mon Apr 29 10:50:46 PDT 2019","Mon Apr 29 10:55:16 PDT 2019","Tue Apr 30 10:55:16 PDT 2019","","","","270","0% (0/0)","0% (0/0)","0% (0/0)","4","4","It reminded me of characters from the Old South.","5","4","ab8c9a806ea6c56ed801aabfcf3bef65"
"3HXCEECSQMTOMF192LQ0876G8D5ZY8","3EOS91U1VZBCU86BPZFE65S5WSRYBR","Read a Play Excerpt and Give Feedback","read a 16 line excerpt from a play and give simple feedback","text, play, feedback, theatre, theater, read, reading, subjective, quick","$0.50","Mon Apr 29 10:50:25 PDT 2019","50","BatchId:3624671;OriginalHitTemplateId:920937340;","600","86400","Mon Apr 29 11:35:30 PDT 2019","","","3C6FJU71TQTAN05SM0WUFZNMGQ1UYZ","A1VR49TB3Q4BV8","Submitted","Mon Apr 29 10:50:44 PDT 2019","Mon Apr 29 10:58:57 PDT 2019","Tue Apr 30 10:58:57 PDT 2019","","","","493","0% (0/0)","0% (0/0)","0% (0/0)","3","3","It's good and I like it.","3","3","bc629331c1b616d4ccdadcf5e750ca70"
"3HXCEECSQMTOMF192LQ0876G8D5ZY8","3EOS91U1VZBCU86BPZFE65S5WSRYBR","Read a Play Excerpt and Give Feedback","read a 16 line excerpt from a play and give simple feedback","text, play, feedback, theatre, theater, read, reading, subjective, quick","$0.50","Mon Apr 29 10:50:25 PDT 2019","50","BatchId:3624671;OriginalHitTemplateId:920937340;","600","86400","Mon Apr 29 11:35:30 PDT 2019","","","3CCZ6YKWR7JE1K75DNW6862F80O594","A3PYO0Z1X4AXF4","Submitted","Mon Apr 29 11:01:07 PDT 2019","Mon Apr 29 11:07:44 PDT 2019","Tue Apr 30 11:07:44 PDT 2019","","","","397","100% (3/3)","100% (3/3)","100% (3/3)","5","4","good and thinkable survey","5","3","aa7f44f60bc148b12f4a9e545edb1c4d"
"3HXCEECSQMTOMF192LQ0876G8D5ZY8","3EOS91U1VZBCU86BPZFE65S5WSRYBR","Read a Play Excerpt and Give Feedback","read a 16 line excerpt from a play and give simple feedback","text, play, feedback, theatre, theater, read, reading, subjective, quick","$0.50","Mon Apr 29 10:50:25 PDT 2019","50","BatchId:3624671;OriginalHitTemplateId:920937340;","600","86400","Mon Apr 29 11:35:30 PDT 2019","","","3DHE4R9OCWB1HXBQ9A0I2GLQS3S2GR","A2XJH3WC02RMXQ","Submitted","Mon Apr 29 10:51:29 PDT 2019","Mon Apr 29 10:56:14 PDT 2019","Tue Apr 30 10:56:14 PDT 2019","","","","285","0% (0/0)","0% (0/0)","0% (0/0)","1","2","Excerpt not organized, not understandable much.","2","3","76526bd501a7689ae1241a283193722e"
"3HXCEECSQMTOMF192LQ0876G8D5ZY8","3EOS91U1VZBCU86BPZFE65S5WSRYBR","Read a Play Excerpt and Give Feedback","read a 16 line excerpt from a play and give simple feedback","text, play, feedback, theatre, theater, read, reading, subjective, quick","$0.50","Mon Apr 29 10:50:25 PDT 2019","50","BatchId:3624671;OriginalHitTemplateId:920937340;","600","86400","Mon Apr 29 11:35:30 PDT 2019","","","3EFE17QCRC58MSNZNVX6EYAV5X3SHI","ABG0SWN1MEQ5B","Submitted","Mon Apr 29 10:51:19 PDT 2019","Mon Apr 29 10:57:32 PDT 2019","Tue Apr 30 10:57:32 PDT 2019","","","","373","100% (2/2)","100% (2/2)","100% (2/2)","5","4","VERY WELL","4","4","22863359963f8a95a84638421ed99010"
"3HXCEECSQMTOMF192LQ0876G8D5ZY8","3EOS91U1VZBCU86BPZFE65S5WSRYBR","Read a Play Excerpt and Give Feedback","read a 16 line excerpt from a play and give simple feedback","text, play, feedback, theatre, theater, read, reading, subjective, quick","$0.50","Mon Apr 29 10:50:25 PDT 2019","50","BatchId:3624671;OriginalHitTemplateId:920937340;","600","86400","Mon Apr 29 11:35:30 PDT 2019","","","3FE7TXL1LINSUM54C65UWUPSYQ0Q29","A2RHE12CJSKCRE","Submitted","Mon Apr 29 10:50:44 PDT 2019","Mon Apr 29 10:56:00 PDT 2019","Tue Apr 30 10:56:00 PDT 2019","","","","316","0% (0/0)","0% (0/0)","0% (0/0)","5","5","That it is worded very good to understand it.","5","5","2381cfbe3b9a5235502296156048aabe"
"3HXCEECSQMTOMF192LQ0876G8D5ZY8","3EOS91U1VZBCU86BPZFE65S5WSRYBR","Read a Play Excerpt and Give Feedback","read a 16 line excerpt from a play and give simple feedback","text, play, feedback, theatre, theater, read, reading, subjective, quick","$0.50","Mon Apr 29 10:50:25 PDT 2019","50","BatchId:3624671;OriginalHitTemplateId:920937340;","600","86400","Mon Apr 29 11:35:30 PDT 2019","","","3FUI0JHJPXYP83VLIV732W19UCN33V","A16U37SOHYW5OS","Submitted","Mon Apr 29 10:53:34 PDT 2019","Mon Apr 29 10:57:52 PDT 2019","Tue Apr 30 10:57:52 PDT 2019","","","","258","100% (1/1)","100% (1/1)","100% (1/1)","2","3","I LIKE","4","1","673c22c7ebde75443a6abf80ccd0360f"
"3HXCEECSQMTOMF192LQ0876G8D5ZY8","3EOS91U1VZBCU86BPZFE65S5WSRYBR","Read a Play Excerpt and Give Feedback","read a 16 line excerpt from a play and give simple feedback","text, play, feedback, theatre, theater, read, reading, subjective, quick","$0.50","Mon Apr 29 10:50:25 PDT 2019","50","BatchId:3624671;OriginalHitTemplateId:920937340;","600","86400","Mon Apr 29 11:35:30 PDT 2019","","","3GNA64GUZE4KTJORUP7SU1S4I0RQ5A","AMQOY20HZIZCE","Submitted","Mon Apr 29 10:51:08 PDT 2019","Mon Apr 29 10:53:38 PDT 2019","Tue Apr 30 10:53:38 PDT 2019","","","","150","100% (1/1)","100% (1/1)","100% (1/1)","1","1","Some of it made no sense grammar needs to be better.","2","1","06846abfcbb8ee842972e11300adb5b7"
"3HXCEECSQMTOMF192LQ0876G8D5ZY8","3EOS91U1VZBCU86BPZFE65S5WSRYBR","Read a Play Excerpt and Give Feedback","read a 16 line excerpt from a play and give simple feedback","text, play, feedback, theatre, theater, read, reading, subjective, quick","$0.50","Mon Apr 29 10:50:25 PDT 2019","50","BatchId:3624671;OriginalHitTemplateId:920937340;","600","86400","Mon Apr 29 11:35:30 PDT 2019","","","3I33IC7ZWF2076YNNA886UANU8F2AF","A1KXESMB9K7504","Submitted","Mon Apr 29 10:50:37 PDT 2019","Mon Apr 29 10:52:35 PDT 2019","Tue Apr 30 10:52:35 PDT 2019","","","","118","100% (1/1)","100% (1/1)","100% (1/1)","1","1","It seemed to be all over the place. It didn't make sense and wasn't coherent at all.","1","1","fc75881e4178adf9ea3faadd71122a33"
"3HXCEECSQMTOMF192LQ0876G8D5ZY8","3EOS91U1VZBCU86BPZFE65S5WSRYBR","Read a Play Excerpt and Give Feedback","read a 16 line excerpt from a play and give simple feedback","text, play, feedback, theatre, theater, read, reading, subjective, quick","$0.50","Mon Apr 29 10:50:25 PDT 2019","50","BatchId:3624671;OriginalHitTemplateId:920937340;","600","86400","Mon Apr 29 11:35:30 PDT 2019","","","3IAS3U3I0FG5QG3FTO8415UTCQ02BA","A221PFP83CXG02","Submitted","Mon Apr 29 10:51:08 PDT 2019","Mon Apr 29 10:57:35 PDT 2019","Tue Apr 30 10:57:35 PDT 2019","","","","387","0% (0/0)","0% (0/0)","0% (0/0)","4","4","It is good survey and very useful for this.","4","4","f63d24823d2eaa6e1e139d77445eab73"
"3HXCEECSQMTOMF192LQ0876G8D5ZY8","3EOS91U1VZBCU86BPZFE65S5WSRYBR","Read a Play Excerpt and Give Feedback","read a 16 line excerpt from a play and give simple feedback","text, play, feedback, theatre, theater, read, reading, subjective, quick","$0.50","Mon Apr 29 10:50:25 PDT 2019","50","BatchId:3624671;OriginalHitTemplateId:920937340;","600","86400","Mon Apr 29 11:35:30 PDT 2019","","","3IFS6Q0HJIJ8INYJTDFREABA5AISIB","A2UYYJOCWSQF5R","Submitted","Mon Apr 29 10:51:08 PDT 2019","Mon Apr 29 10:56:11 PDT 2019","Tue Apr 30 10:56:11 PDT 2019","","","","303","100% (3/3)","100% (3/3)","100% (3/3)","5","4","knowledge gain","5","3","b9172258b6a6482c98e5c9ec24dadaaf"
"3HXCEECSQMTOMF192LQ0876G8D5ZY8","3EOS91U1VZBCU86BPZFE65S5WSRYBR","Read a Play Excerpt and Give Feedback","read a 16 line excerpt from a play and give simple feedback","text, play, feedback, theatre, theater, read, reading, subjective, quick","$0.50","Mon Apr 29 10:50:25 PDT 2019","50","BatchId:3624671;OriginalHitTemplateId:920937340;","600","86400","Mon Apr 29 11:35:30 PDT 2019","","","3ITXP059PWJ4DYIPBV0RQBQAIP7SJN","A3F8FTSUFOCWJ7","Submitted","Mon Apr 29 10:51:08 PDT 2019","Mon Apr 29 10:54:24 PDT 2019","Tue Apr 30 10:54:24 PDT 2019","","","","196","0% (0/0)","0% (0/0)","0% (0/0)","3","3","Sorry, no comments for this survey.","4","3","Invalid Code"
"3HXCEECSQMTOMF192LQ0876G8D5ZY8","3EOS91U1VZBCU86BPZFE65S5WSRYBR","Read a Play Excerpt and Give Feedback","read a 16 line excerpt from a play and give simple feedback","text, play, feedback, theatre, theater, read, reading, subjective, quick","$0.50","Mon Apr 29 10:50:25 PDT 2019","50","BatchId:3624671;OriginalHitTemplateId:920937340;","600","86400","Mon Apr 29 11:35:30 PDT 2019","","","3J4Q2Z4UTY3E623BQQU1K15H2XVWQX","A25F6WT9CIM0Z5","Submitted","Mon Apr 29 10:50:46 PDT 2019","Mon Apr 29 10:55:50 PDT 2019","Tue Apr 30 10:55:50 PDT 2019","","","","304","0% (0/0)","0% (0/0)","0% (0/0)","3","4","good study for sure","4","2","4700ee81ac291d8d7158c15b00ee8dad"
"3HXCEECSQMTOMF192LQ0876G8D5ZY8","3EOS91U1VZBCU86BPZFE65S5WSRYBR","Read a Play Excerpt and Give Feedback","read a 16 line excerpt from a play and give simple feedback","text, play, feedback, theatre, theater, read, reading, subjective, quick","$0.50","Mon Apr 29 10:50:25 PDT 2019","50","BatchId:3624671;OriginalHitTemplateId:920937340;","600","86400","Mon Apr 29 11:35:30 PDT 2019","","","3J88R45B2GY8VQ7M0IBYMFTE63FPXS","A3T6UIATF82CVM","Submitted","Mon Apr 29 11:00:57 PDT 2019","Mon Apr 29 11:06:25 PDT 2019","Tue Apr 30 11:06:25 PDT 2019","","","","328","100% (1/1)","100% (1/1)","100% (1/1)","5","5","This very nice and interesting to the reading phareses.","4","4","c3521613a47e465d482561280933c612"
"3HXCEECSQMTOMF192LQ0876G8D5ZY8","3EOS91U1VZBCU86BPZFE65S5WSRYBR","Read a Play Excerpt and Give Feedback","read a 16 line excerpt from a play and give simple feedback","text, play, feedback, theatre, theater, read, reading, subjective, quick","$0.50","Mon Apr 29 10:50:25 PDT 2019","50","BatchId:3624671;OriginalHitTemplateId:920937340;","600","86400","Mon Apr 29 11:35:30 PDT 2019","","","3JBT3HLQF82X0L7110ZJJ09PE3DPZP","A22UTVPLLXJKLT","Submitted","Mon Apr 29 11:00:57 PDT 2019","Mon Apr 29 11:04:47 PDT 2019","Tue Apr 30 11:04:47 PDT 2019","","","","230","100% (2/2)","100% (2/2)","100% (2/2)","5","5","THE SURVEY IS VERY NICE","5","5","701089f04ac1908b21351b05774e7795"
"3HXCEECSQMTOMF192LQ0876G8D5ZY8","3EOS91U1VZBCU86BPZFE65S5WSRYBR","Read a Play Excerpt and Give Feedback","read a 16 line excerpt from a play and give simple feedback","text, play, feedback, theatre, theater, read, reading, subjective, quick","$0.50","Mon Apr 29 10:50:25 PDT 2019","50","BatchId:3624671;OriginalHitTemplateId:920937340;","600","86400","Mon Apr 29 11:35:30 PDT 2019","","","3LKC68YZ3A3BLQQVBD2XVWAHNWDWOP","A2C84POENS2UNY","Submitted","Mon Apr 29 10:50:44 PDT 2019","Mon Apr 29 10:54:03 PDT 2019","Tue Apr 30 10:54:03 PDT 2019","","","","199","0% (0/0)","0% (0/0)","0% (0/0)","1","1","extremely incoherent and inconsistent script, made no sense, sorry, no offense","1","1","c7c5723fe3566c8bbe7b3cf17b55aa38"
"3HXCEECSQMTOMF192LQ0876G8D5ZY8","3EOS91U1VZBCU86BPZFE65S5WSRYBR","Read a Play Excerpt and Give Feedback","read a 16 line excerpt from a play and give simple feedback","text, play, feedback, theatre, theater, read, reading, subjective, quick","$0.50","Mon Apr 29 10:50:25 PDT 2019","50","BatchId:3624671;OriginalHitTemplateId:920937340;","600","86400","Mon Apr 29 11:35:30 PDT 2019","","","3M81GAB8A0JMIZ50VZY5XNSWSWDQBB","A2DO4XQR4B260Q","Submitted","Mon Apr 29 10:51:29 PDT 2019","Mon Apr 29 10:56:13 PDT 2019","Tue Apr 30 10:56:13 PDT 2019","","","","284","0% (0/0)","0% (0/0)","0% (0/0)","4","4","nice job you provided","4","4","c9f88cb50717e45fe89676ffeadd97bb"
"3HXCEECSQMTOMF192LQ0876G8D5ZY8","3EOS91U1VZBCU86BPZFE65S5WSRYBR","Read a Play Excerpt and Give Feedback","read a 16 line excerpt from a play and give simple feedback","text, play, feedback, theatre, theater, read, reading, subjective, quick","$0.50","Mon Apr 29 10:50:25 PDT 2019","50","BatchId:3624671;OriginalHitTemplateId:920937340;","600","86400","Mon Apr 29 11:35:30 PDT 2019","","","3MD9PLUKKIEXX0VOLLMRFB4UEOCZN3","A2SISDKXH7PVVW","Submitted","Mon Apr 29 10:50:40 PDT 2019","Mon Apr 29 10:56:40 PDT 2019","Tue Apr 30 10:56:40 PDT 2019","","","","360","0% (0/0)","0% (0/0)","0% (0/0)","1","2","Both characters were talking about entirely different situations","1","1","ab83d608648c61210d574d766b4ae483"
"3HXCEECSQMTOMF192LQ0876G8D5ZY8","3EOS91U1VZBCU86BPZFE65S5WSRYBR","Read a Play Excerpt and Give Feedback","read a 16 line excerpt from a play and give simple feedback","text, play, feedback, theatre, theater, read, reading, subjective, quick","$0.50","Mon Apr 29 10:50:25 PDT 2019","50","BatchId:3624671;OriginalHitTemplateId:920937340;","600","86400","Mon Apr 29 11:35:30 PDT 2019","","","3OJSZ2ATDSWAN1JCYQYMUAB9DA057S","A6B8HB98TB1HJ","Submitted","Mon Apr 29 10:54:56 PDT 2019","Mon Apr 29 11:02:27 PDT 2019","Tue Apr 30 11:02:27 PDT 2019","","","","451","0% (0/0)","0% (0/0)","0% (0/0)","2","4","Nice task. Thank you.","1","3","8b7c6b6417d47d3d2fcde368a005d89c"
"3HXCEECSQMTOMF192LQ0876G8D5ZY8","3EOS91U1VZBCU86BPZFE65S5WSRYBR","Read a Play Excerpt and Give Feedback","read a 16 line excerpt from a play and give simple feedback","text, play, feedback, theatre, theater, read, reading, subjective, quick","$0.50","Mon Apr 29 10:50:25 PDT 2019","50","BatchId:3624671;OriginalHitTemplateId:920937340;","600","86400","Mon Apr 29 11:35:30 PDT 2019","","","3OVR4I9USPJ2X0KRGKOIP9MQI4WQ45","A2OCQ1FI2X8O8Y","Submitted","Mon Apr 29 10:53:34 PDT 2019","Mon Apr 29 10:58:42 PDT 2019","Tue Apr 30 10:58:42 PDT 2019","","","","308","0% (0/0)","0% (0/0)","0% (0/0)","4","5","good survey","4","4","d8f192ebb28078ca3e1df1de80bf5c41"
"3HXCEECSQMTOMF192LQ0876G8D5ZY8","3EOS91U1VZBCU86BPZFE65S5WSRYBR","Read a Play Excerpt and Give Feedback","read a 16 line excerpt from a play and give simple feedback","text, play, feedback, theatre, theater, read, reading, subjective, quick","$0.50","Mon Apr 29 10:50:25 PDT 2019","50","BatchId:3624671;OriginalHitTemplateId:920937340;","600","86400","Mon Apr 29 11:35:30 PDT 2019","","","3PZDLQMM0TLO0LVL7O4ZCP0BUB02CH","A16A9MZIP7F3NY","Submitted","Mon Apr 29 10:56:29 PDT 2019","Mon Apr 29 10:59:13 PDT 2019","Tue Apr 30 10:59:13 PDT 2019","","","","164","0% (0/0)","0% (0/0)","0% (0/0)","4","5","Very well to reading and nice","5","4","9d4980a90c7764f8436cd84272721d48"
"3HXCEECSQMTOMF192LQ0876G8D5ZY8","3EOS91U1VZBCU86BPZFE65S5WSRYBR","Read a Play Excerpt and Give Feedback","read a 16 line excerpt from a play and give simple feedback","text, play, feedback, theatre, theater, read, reading, subjective, quick","$0.50","Mon Apr 29 10:50:25 PDT 2019","50","BatchId:3624671;OriginalHitTemplateId:920937340;","600","86400","Mon Apr 29 11:35:30 PDT 2019","","","3QXNC7EIPIVF6DL4GHQURB6ORSD09E","A3QQD8CMGDUN8X","Submitted","Mon Apr 29 10:53:03 PDT 2019","Mon Apr 29 10:59:18 PDT 2019","Tue Apr 30 10:59:18 PDT 2019","","","","375","0% (0/0)","0% (0/0)","0% (0/0)","4","5","its and quit simple and different survey.","4","4","d320bee9e1de9b1cf8b6bb641078bd57"
"3HXCEECSQMTOMF192LQ0876G8D5ZY8","3EOS91U1VZBCU86BPZFE65S5WSRYBR","Read a Play Excerpt and Give Feedback","read a 16 line excerpt from a play and give simple feedback","text, play, feedback, theatre, theater, read, reading, subjective, quick","$0.50","Mon Apr 29 10:50:25 PDT 2019","50","BatchId:3624671;OriginalHitTemplateId:920937340;","600","86400","Mon Apr 29 11:35:30 PDT 2019","","","3RXPCZQMQPBUSCTUQ604XXBL0XE1G9","A20SI2XSAHUXP4","Submitted","Mon Apr 29 10:57:31 PDT 2019","Mon Apr 29 11:00:33 PDT 2019","Tue Apr 30 11:00:33 PDT 2019","","","","182","100% (1/1)","100% (1/1)","100% (1/1)","4","5","nice Survey","4","4","2deff2342d96b7a8e66f5829be3fbef1"
"3HXCEECSQMTOMF192LQ0876G8D5ZY8","3EOS91U1VZBCU86BPZFE65S5WSRYBR","Read a Play Excerpt and Give Feedback","read a 16 line excerpt from a play and give simple feedback","text, play, feedback, theatre, theater, read, reading, subjective, quick","$0.50","Mon Apr 29 10:50:25 PDT 2019","50","BatchId:3624671;OriginalHitTemplateId:920937340;","600","86400","Mon Apr 29 11:35:30 PDT 2019","","","3SB4CE2TJVV18M1KBZT1WK4J7HGAXY","A2YS9BN5M4Z7UR","Submitted","Mon Apr 29 10:54:56 PDT 2019","Mon Apr 29 10:57:44 PDT 2019","Tue Apr 30 10:57:44 PDT 2019","","","","168","0% (0/0)","0% (0/0)","0% (0/0)","5","4","good","5","3","ed4704d3f80ea60c71cc098e9a2d7544"
"3HXCEECSQMTOMF192LQ0876G8D5ZY8","3EOS91U1VZBCU86BPZFE65S5WSRYBR","Read a Play Excerpt and Give Feedback","read a 16 line excerpt from a play and give simple feedback","text, play, feedback, theatre, theater, read, reading, subjective, quick","$0.50","Mon Apr 29 10:50:25 PDT 2019","50","BatchId:3624671;OriginalHitTemplateId:920937340;","600","86400","Mon Apr 29 11:35:30 PDT 2019","","","3TGOYF991XMT6RLNCZZ5CEH9K2QUU1","A3RVFAYBGEUVIA","Submitted","Mon Apr 29 10:54:56 PDT 2019","Mon Apr 29 11:01:47 PDT 2019","Tue Apr 30 11:01:47 PDT 2019","","","","411","0% (0/0)","0% (0/0)","0% (0/0)","3","3","nice","4","3","5c08bb8e84e8cc69b37948a8518e7ccf"
"3HXCEECSQMTOMF192LQ0876G8D5ZY8","3EOS91U1VZBCU86BPZFE65S5WSRYBR","Read a Play Excerpt and Give Feedback","read a 16 line excerpt from a play and give simple feedback","text, play, feedback, theatre, theater, read, reading, subjective, quick","$0.50","Mon Apr 29 10:50:25 PDT 2019","50","BatchId:3624671;OriginalHitTemplateId:920937340;","600","86400","Mon Apr 29 11:35:30 PDT 2019","","","3TUI152ZZBNL51N8T25GRBFN6KMQ1S","AS44G6CQQJO6I","Submitted","Mon Apr 29 10:52:52 PDT 2019","Mon Apr 29 10:56:54 PDT 2019","Tue Apr 30 10:56:54 PDT 2019","","","","242","100% (1/1)","100% (1/1)","100% (1/1)","4","5","This is very nice reading phareses and interesting","5","3","b309b5f850d4099a8cb3929ed9914208"
"3HXCEECSQMTOMF192LQ0876G8D5ZY8","3EOS91U1VZBCU86BPZFE65S5WSRYBR","Read a Play Excerpt and Give Feedback","read a 16 line excerpt from a play and give simple feedback","text, play, feedback, theatre, theater, read, reading, subjective, quick","$0.50","Mon Apr 29 10:50:25 PDT 2019","50","BatchId:3624671;OriginalHitTemplateId:920937340;","600","86400","Mon Apr 29 11:35:30 PDT 2019","","","3U8YCDAGXPGLYC2QXJ1GD6WD1SGQ0P","A2LIAW1I8O644C","Submitted","Mon Apr 29 10:51:50 PDT 2019","Mon Apr 29 10:55:50 PDT 2019","Tue Apr 30 10:55:50 PDT 2019","","","","240","0% (0/0)","0% (0/0)","0% (0/0)","5","5","THIS IS VERY NICE AND SO MUCH WELL.","4","4","2a7d221bd88de4a619314572c97d444f"
"3HXCEECSQMTOMF192LQ0876G8D5ZY8","3EOS91U1VZBCU86BPZFE65S5WSRYBR","Read a Play Excerpt and Give Feedback","read a 16 line excerpt from a play and give simple feedback","text, play, feedback, theatre, theater, read, reading, subjective, quick","$0.50","Mon Apr 29 10:50:25 PDT 2019","50","BatchId:3624671;OriginalHitTemplateId:920937340;","600","86400","Mon Apr 29 11:35:30 PDT 2019","","","3UOUJI6MTDELNVFIH4ASWLGDEK7UXT","A1TARNH07A75CG","Submitted","Mon Apr 29 10:50:42 PDT 2019","Mon Apr 29 10:58:27 PDT 2019","Tue Apr 30 10:58:27 PDT 2019","","","","465","100% (2/2)","0% (0/0)","0% (0/0)","1","1","The excerpt isn't consistent, it's random","1","1","7585cc8396038455241aeaf3f19c271d"
"3HXCEECSQMTOMF192LQ0876G8D5ZY8","3EOS91U1VZBCU86BPZFE65S5WSRYBR","Read a Play Excerpt and Give Feedback","read a 16 line excerpt from a play and give simple feedback","text, play, feedback, theatre, theater, read, reading, subjective, quick","$0.50","Mon Apr 29 10:50:25 PDT 2019","50","BatchId:3624671;OriginalHitTemplateId:920937340;","600","86400","Mon Apr 29 11:35:30 PDT 2019","","","3UXUOQ9OKEX7T7VTTMP32LRV5O17A0","A2J3073CYXKY3Q","Submitted","Mon Apr 29 10:53:55 PDT 2019","Mon Apr 29 10:59:14 PDT 2019","Tue Apr 30 10:59:14 PDT 2019","","","","319","100% (2/2)","100% (2/2)","100% (2/2)","5","3","GOOD SURVEY","3","4","467476fc870bc8cdcc9eeba4a7cf85d5"
"3HXCEECSQMTOMF192LQ0876G8D5ZY8","3EOS91U1VZBCU86BPZFE65S5WSRYBR","Read a Play Excerpt and Give Feedback","read a 16 line excerpt from a play and give simple feedback","text, play, feedback, theatre, theater, read, reading, subjective, quick","$0.50","Mon Apr 29 10:50:25 PDT 2019","50","BatchId:3624671;OriginalHitTemplateId:920937340;","600","86400","Mon Apr 29 11:35:30 PDT 2019","","","3VBEN272MKZUMWSO3PFOTYYUQXQSGJ","AUFUUD4WG9CVO","Submitted","Mon Apr 29 10:50:41 PDT 2019","Mon Apr 29 10:57:48 PDT 2019","Tue Apr 30 10:57:48 PDT 2019","","","","427","0% (0/0)","0% (0/0)","0% (0/0)","2","1","It was like a freshman English students attempt at avant-garde","2","1","cf4cc8fafdb52a21a001e52575c540e4"
"3HXCEECSQMTOMF192LQ0876G8D5ZY8","3EOS91U1VZBCU86BPZFE65S5WSRYBR","Read a Play Excerpt and Give Feedback","read a 16 line excerpt from a play and give simple feedback","text, play, feedback, theatre, theater, read, reading, subjective, quick","$0.50","Mon Apr 29 10:50:25 PDT 2019","50","BatchId:3624671;OriginalHitTemplateId:920937340;","600","86400","Mon Apr 29 11:35:30 PDT 2019","","","3WETL7AQWT8SMIIPWEVWHTZT88E53N","A2PDCGN3PDAK67","Submitted","Mon Apr 29 10:57:41 PDT 2019","Mon Apr 29 11:00:33 PDT 2019","Tue Apr 30 11:00:33 PDT 2019","","","","172","0% (0/0)","0% (0/0)","0% (0/0)","4","5","good work","5","4","e21cddc874560c94e3bc06f5bd9eb94b"
"3HXCEECSQMTOMF192LQ0876G8D5ZY8","3EOS91U1VZBCU86BPZFE65S5WSRYBR","Read a Play Excerpt and Give Feedback","read a 16 line excerpt from a play and give simple feedback","text, play, feedback, theatre, theater, read, reading, subjective, quick","$0.50","Mon Apr 29 10:50:25 PDT 2019","50","BatchId:3624671;OriginalHitTemplateId:920937340;","600","86400","Mon Apr 29 11:35:30 PDT 2019","","","3WLEIWSYHOHFHT61TGI0NGXR735H25","AR3NVKJH0L8RL","Submitted","Mon Apr 29 11:01:18 PDT 2019","Mon Apr 29 11:06:23 PDT 2019","Tue Apr 30 11:06:23 PDT 2019","","","","305","0% (0/0)","0% (0/0)","0% (0/0)","4","5","good survey","4","4","e6436e5723597f539138cdc0d83118a0"
"3HXCEECSQMTOMF192LQ0876G8D5ZY8","3EOS91U1VZBCU86BPZFE65S5WSRYBR","Read a Play Excerpt and Give Feedback","read a 16 line excerpt from a play and give simple feedback","text, play, feedback, theatre, theater, read, reading, subjective, quick","$0.50","Mon Apr 29 10:50:25 PDT 2019","50","BatchId:3624671;OriginalHitTemplateId:920937340;","600","86400","Mon Apr 29 11:35:30 PDT 2019","","","3X0H8UUIT1OQJIIOIUJ6F1KIKLGWSM","A1DUPOUC9RNU4L","Submitted","Mon Apr 29 10:50:48 PDT 2019","Mon Apr 29 10:55:16 PDT 2019","Tue Apr 30 10:55:16 PDT 2019","","","","268","0% (0/0)","0% (0/0)","0% (0/0)","1","1","Best of luck to you in the future!","3","1","da1e6cac2ae456c491313d2ce72eedd8"
"3HXCEECSQMTOMF192LQ0876G8D5ZY8","3EOS91U1VZBCU86BPZFE65S5WSRYBR","Read a Play Excerpt and Give Feedback","read a 16 line excerpt from a play and give simple feedback","text, play, feedback, theatre, theater, read, reading, subjective, quick","$0.50","Mon Apr 29 10:50:25 PDT 2019","50","BatchId:3624671;OriginalHitTemplateId:920937340;","600","86400","Mon Apr 29 11:35:30 PDT 2019","","","3X4MXAO0BGOEI3IB35J1PRFMYJXWRY","A2YVC1U50H2B4R","Submitted","Mon Apr 29 10:50:47 PDT 2019","Mon Apr 29 10:55:36 PDT 2019","Tue Apr 30 10:55:36 PDT 2019","","","","289","0% (0/0)","0% (0/0)","0% (0/0)","1","1","no","1","1","4869b2548bb9856d2882cb093043bf36"
"3HXCEECSQMTOMF192LQ0876G8D5ZY8","3EOS91U1VZBCU86BPZFE65S5WSRYBR","Read a Play Excerpt and Give Feedback","read a 16 line excerpt from a play and give simple feedback","text, play, feedback, theatre, theater, read, reading, subjective, quick","$0.50","Mon Apr 29 10:50:25 PDT 2019","50","BatchId:3624671;OriginalHitTemplateId:920937340;","600","86400","Mon Apr 29 11:35:30 PDT 2019","","","3XXU1SWE8MVTBWV98N4UN6H8XAVA03","A1K6VBT07PH2IG","Submitted","Mon Apr 29 10:53:03 PDT 2019","Mon Apr 29 10:58:49 PDT 2019","Tue Apr 30 10:58:49 PDT 2019","","","","346","0% (0/0)","0% (0/0)","0% (0/0)","5","5","no","5","5","f200059f42aad62d9f9c18e5fdf54d8e"
"3HXCEECSQMTOMF192LQ0876G8D5ZY8","3EOS91U1VZBCU86BPZFE65S5WSRYBR","Read a Play Excerpt and Give Feedback","read a 16 line excerpt from a play and give simple feedback","text, play, feedback, theatre, theater, read, reading, subjective, quick","$0.50","Mon Apr 29 10:50:25 PDT 2019","50","BatchId:3624671;OriginalHitTemplateId:920937340;","600","86400","Mon Apr 29 11:35:30 PDT 2019","","","3ZGVPD4G6THVSD08IH83OAAM36YZT4","A24JKHC4HTY6CD","Submitted","Mon Apr 29 10:50:44 PDT 2019","Mon Apr 29 10:54:16 PDT 2019","Tue Apr 30 10:54:16 PDT 2019","","","","212","100% (2/2)","100% (2/2)","100% (2/2)","3","3","GOOD STUDY","2","3","95e4a36d50ca5df6afd2b6bfbf89a642"